study_hours,attendance,previous_gpa,assignments_completed,sleep_hours,success
2,70,2.4,60,5,0
3,75,2.6,65,6,0
4,80,2.8,70,6,0
5,82,3.0,75,7,1
6,85,3.1,80,7,1
7,90,3.3,85,7,1
8,92,3.5,90,8,1
9,95,3.7,95,8,1
1,60,2.1,50,5,0
2,68,2.3,55,6,0
3,72,2.5,65,6,0
4,78,2.7,70,7,0
5,84,3.0,78,7,1
6,88,3.2,82,7,1
7,91,3.4,88,8,1
8,94,3.6,92,8,1
10,97,3.9,98,8,1
1,65,2.0,45,5,0
3,74,2.7,68,6,0
5,81,3.1,76,7,1
6,86,3.2,83,7,1
7,89,3.3,87,7,1
9,96,3.8,96,8,1
2,69,2.2,58,5,0
4,77,2.9,72,6,0
5,83,3.0,79,7,1
8,93,3.6,91,8,1
10,98,4.0,99,8,1
3,71,2.4,62,6,0
6,87,3.2,84,7,1
